{"train": [0.9506084656084656, 0.984021164021164, 0.9866402116402117, 0.9875925925925926, 0.988915343915344, 0.9894179894179894, 0.9907671957671957, 0.9912433862433863, 0.9912962962962963, 0.9909523809523809, 0.9921428571428571, 0.9927248677248677, 0.9936772486772487, 0.9922486772486773, 0.9926719576719577, 0.9930423280423281, 0.9930687830687831, 0.9941534391534391, 0.9943915343915344, 0.9936507936507937], "val": [0.9840476190476191, 0.9716666666666667, 0.9857142857142858, 0.9902380952380953, 0.9871428571428571, 0.9880952380952381, 0.9926190476190476, 0.9914285714285714, 0.9885714285714285, 0.9923809523809524, 0.99, 0.9954761904761905, 0.9942857142857143, 0.9892857142857143, 0.9938095238095238, 0.9930952380952381, 0.9909523809523809, 0.9902380952380953, 0.9902380952380953, 0.9926190476190476]}