{"train": [2.1796792503134914, 2.174295721760503, 2.1736906002185963, 2.1735111517628667, 2.173326547713507, 2.17312334201954, 2.1729549245985726, 2.1729461719371654, 2.1729098869000794, 2.1728734993303895, 2.1727258952710993, 2.172663821366729, 2.1726182516794355, 2.1728102663332822, 2.1726681947455835, 2.1726776213368413, 2.1725915152938278, 2.1724909990300576, 2.172468249709518, 2.17256560643514], "val": [2.174232506070818, 2.1759070160275416, 2.1738786720094225, 2.173051094327654, 2.1732735965365455, 2.173391450246175, 2.1727033151899064, 2.172918599900745, 2.1731753426506404, 2.172844413575672, 2.173136813754127, 2.172585075923375, 2.1726153646196638, 2.1728953016371952, 2.1725841167994906, 2.172517999013265, 2.17290038335891, 2.1731103570120673, 2.173073170525687, 2.172728826886132]}